,cos_sim,cos_mo,cos_dif,cos_mo_dif,ele_sub
0,0.00674,0.0059,0.99326,0.9941,0.00934
1,-0.06479,-0.05743,0.93521,0.94257,0.01097
2,0.02651,0.02541,0.97349,0.97459,0.03559
3,-0.00867,-0.00758,0.99133,0.99242,0.02029
4,-0.09,-0.07904,0.91,0.92096,0.01182
5,0.01004,0.00871,0.98996,0.99129,0.00987
6,-0.04758,-0.04168,0.95242,0.95832,0.01079
7,0.0219,0.01973,0.9781,0.98027,0.02636
8,0.00692,0.00604,0.99308,0.99396,0.00906
9,-0.07109,-0.06284,0.92891,0.93716,0.01092
10,0.02602,0.02502,0.97398,0.97498,0.03527
11,-0.01233,-0.01086,0.98767,0.98914,0.02022
12,-0.08582,-0.07512,0.91418,0.92488,0.01179
13,0.036,0.03496,0.964,0.96504,0.02557
14,-0.04173,-0.03648,0.95827,0.96352,0.01051
15,0.01595,0.01415,0.98405,0.98585,0.02663
16,-0.03922,-0.03566,0.96078,0.96434,0.01118
17,0.04991,0.04521,0.95009,0.95479,0.00778
18,-0.00197,-0.00181,0.99803,0.99819,0.00827
19,-0.01827,-0.01657,0.98173,0.98343,0.00912
20,-0.01705,-0.01574,0.98295,0.98426,0.00886
21,0.00034,0.00031,0.99966,0.99969,0.00894
22,-0.03924,-0.03561,0.9607600000000001,0.96439,0.01135
23,0.03422,0.03093,0.96578,0.96907,0.00803
24,-0.00156,-0.00143,0.99844,0.99857,0.0084
25,-0.01698,-0.01538,0.98302,0.98462,0.00922
26,-0.0165,-0.0152,0.9835,0.9848,0.00899
27,0.00013,0.00012,0.99987,0.99988,0.00906
28,0.00491,0.00417,0.99509,0.99583,0.0095
29,-0.03307,-0.0286,0.96693,0.9714,0.01119
30,-0.00777,-0.00775,0.99223,0.99225,0.02793
31,-0.02534,-0.02194,0.97466,0.97806,0.0103
32,-0.03027,-0.02615,0.96973,0.97385,0.01226
33,-0.04211,-0.0364,0.95789,0.9636,0.01111
34,-0.01692,-0.0146,0.98308,0.9854,0.01119
35,0.00795,0.00687,0.99205,0.99313,0.00912
36,-0.03349,-0.03149,0.96651,0.96851,0.03324
37,-0.03365,-0.0326,0.96635,0.9674,0.03167
38,-0.03819,-0.03274,0.96181,0.96726,0.01133
39,0.00613,0.00524,0.99387,0.99476,0.0101
40,-0.00216,-0.00197,0.99784,0.99803,0.03845
41,0.00291,0.00247,0.99709,0.99753,0.00953
42,-0.03119,-0.02694,0.96881,0.97306,0.01126
43,-0.00958,-0.00955,0.99042,0.99045,0.02807
44,-0.02372,-0.02051,0.97628,0.97949,0.01033
45,-0.02789,-0.02406,0.97211,0.97594,0.0123
46,-0.03903,-0.03368,0.96097,0.96632,0.01116
47,-0.01553,-0.01338,0.98447,0.98662,0.01123
48,0.00606,0.00523,0.99394,0.99477,0.00915
49,-0.03315,-0.03125,0.96685,0.96875,0.03345
50,-0.03332,-0.03231,0.96668,0.96769,0.03193
51,-0.03594,-0.03076,0.96406,0.96924,0.01138
52,0.00509,0.00435,0.99491,0.99565,0.01015
53,-0.00347,-0.00315,0.99653,0.99685,0.03863
54,0.03234,0.02986,0.96766,0.97014,0.02046
55,-0.00692,-0.00636,0.99308,0.99364,0.02302
56,0.00703,0.006,0.99297,0.994,0.01055
57,-0.00553,-0.00473,0.99447,0.99527,0.01135
58,0.01369,0.01318,0.98631,0.98682,0.03164
59,-0.03037,-0.02558,0.96963,0.97442,0.01295
60,0.03221,0.02929,0.96779,0.97071,0.02041
61,0.001,0.00092,0.999,0.99908,0.02236
62,0.00702,0.00604,0.99298,0.99396,0.01051
63,-0.0067,-0.00577,0.9933,0.99423,0.01142
64,0.01193,0.01012,0.98807,0.98988,0.01009
65,-0.03044,-0.02587,0.96956,0.97413,0.01259
66,-0.0504,-0.04522,0.9496,0.95478,0.01065
67,0.02987,0.02715,0.97013,0.97285,0.02563
68,-0.05667,-0.05113,0.94333,0.94887,0.01124
69,0.00429,0.00381,0.99571,0.99619,0.00893
70,0.05831,0.05675,0.94169,0.94325,0.02907
71,0.02711,0.0242,0.97289,0.9758,0.01685
72,0.05558,0.04917,0.94442,0.95083,0.00802
73,0.05166,0.04871,0.94834,0.95129,0.02374
74,-0.00505,-0.00452,0.99495,0.99548,0.00997
75,-0.04997,-0.04477,0.95003,0.95523,0.0107
76,0.02787,0.02534,0.97213,0.97466,0.02582
77,-0.05681,-0.05119,0.94319,0.94881,0.01132
78,-0.00488,-0.00433,0.99512,0.99567,0.00914
79,0.05572,0.05423,0.94428,0.94577,0.02943
80,0.02426,0.02173,0.97574,0.97827,0.017
81,0.05352,0.04728,0.94648,0.95272,0.0081
82,0.04893,0.04628,0.95107,0.95372,0.02394
83,-0.00583,-0.00521,0.99417,0.99479,0.01005
84,-0.03084,-0.02605,0.96916,0.97395,0.00969
85,0.02984,0.02531,0.97016,0.9746900000000001,0.00841
86,-0.03972,-0.03353,0.96028,0.96647,0.01163
87,-0.01281,-0.01079,0.98719,0.98921,0.01007
88,-0.03017,-0.02518,0.96983,0.97482,0.01107
89,-0.01347,-0.01123,0.98653,0.98877,0.01067
90,0.00258,0.0022,0.99742,0.9978,0.00968
91,0.00857,0.0073,0.99143,0.9927,0.00964
92,-0.0272,-0.02284,0.9728,0.97716,0.01039
93,-0.04007,-0.03408,0.95993,0.96592,0.0106
94,-0.01992,-0.01667,0.98008,0.98333,0.01077
95,0.03611,0.03601,0.96389,0.96399,0.02913
96,-0.03732,-0.03151,0.96268,0.96849,0.01182
97,-0.01959,-0.01662,0.98041,0.98338,0.01137
98,-0.01787,-0.01504,0.98213,0.98496,0.01174
99,-0.02863,-0.02447,0.97137,0.97553,0.01141
100,-0.02919,-0.02475,0.97081,0.97525,0.00935
101,0.02616,0.02229,0.97384,0.97771,0.00785
102,-0.04003,-0.03393,0.95997,0.96607,0.01137
103,-0.0091,-0.00771,0.9909,0.99229,0.01031
104,-0.02492,-0.0209,0.97508,0.9791,0.01077
105,-0.01255,-0.01051,0.98745,0.98949,0.01066
106,0.00395,0.00339,0.99605,0.99661,0.00954
107,0.00927,0.00793,0.99073,0.99207,0.0094
108,-0.02611,-0.02202,0.97389,0.97798,0.01013
109,-0.03598,-0.03072,0.96402,0.96928,0.01026
110,-0.01113,-0.00936,0.98887,0.99064,0.01002
111,0.03277,0.03254,0.96723,0.96746,0.0286
112,-0.04434,-0.03764,0.95566,0.96236,0.01197
113,-0.02655,-0.02261,0.97345,0.97739,0.01139
114,-0.02219,-0.01876,0.97781,0.98124,0.01141
115,-0.02664,-0.02287,0.97336,0.97713,0.01133
116,0.0333,0.03254,0.9667,0.96746,0.02787
117,-0.01454,-0.01239,0.98546,0.98761,0.00962
118,0.01877,0.01857,0.98123,0.98143,0.02787
119,-0.03473,-0.02938,0.96527,0.97062,0.00968
120,0.0249,0.02124,0.9751,0.97876,0.00752
121,-0.04085,-0.03461,0.95915,0.96539,0.01154
122,-0.01422,-0.01204,0.98578,0.98796,0.01023
123,-0.02271,-0.01899,0.97729,0.98101,0.01077
124,-0.01145,-0.00958,0.98855,0.99042,0.01065
125,0.00839,0.00716,0.99161,0.99284,0.00961
126,0.00841,0.00718,0.99159,0.99282,0.00936
127,-0.02348,-0.01976,0.97652,0.98024,0.01129
128,-0.04129,-0.03497,0.95871,0.96503,0.01193
129,-0.02522,-0.02141,0.97478,0.97859,0.01133
130,-0.02045,-0.01725,0.97955,0.98275,0.01139
131,-0.02543,-0.0218,0.97457,0.9782,0.01127
132,0.04123,0.04018,0.95877,0.95982,0.02768
133,-0.0354,-0.03027,0.9646,0.96973,0.01039
134,-0.00903,-0.00761,0.99097,0.99239,0.01035
135,-0.00674,-0.00573,0.99326,0.99427,0.00892
136,0.02668,0.02282,0.97332,0.97718,0.00745
137,-0.04196,-0.03568,0.95804,0.96432,0.01194
138,-0.01904,-0.01618,0.98096,0.98382,0.00964
139,-0.02411,-0.02024,0.97589,0.97976,0.01083
140,-0.01802,-0.01514,0.98198,0.98486,0.01057
141,0.01221,0.01046,0.98779,0.98954,0.00957
142,0.01329,0.01139,0.98671,0.98861,0.00939
143,-0.02343,-0.01978,0.97657,0.98022,0.01088
144,-0.04774,-0.04061,0.95226,0.95939,0.01186
145,-0.02714,-0.02317,0.97286,0.97683,0.01153
146,-0.01811,-0.01535,0.98189,0.98465,0.0113
147,-0.02654,-0.02284,0.97346,0.97716,0.01116
148,0.03162,0.03102,0.96838,0.96898,0.02827
149,-0.0297,-0.02523,0.9703,0.97477,0.01039
150,0.00839,0.00827,0.99161,0.99173,0.02861
151,-0.01252,-0.01055,0.98748,0.98945,0.00946
152,0.03968,0.03379,0.96032,0.96621,0.00781
153,-0.04406,-0.03723,0.95594,0.96277,0.01191
154,-0.01293,-0.01091,0.98707,0.98909,0.0098
155,-0.02372,-0.01978,0.97628,0.98022,0.01095
156,-0.00897,-0.00748,0.99103,0.99252,0.01035
157,0.00506,0.00431,0.99494,0.99569,0.00978
158,0.00735,0.00626,0.99265,0.99374,0.00959
159,-0.02352,-0.01974,0.97648,0.98026,0.01127
160,-0.03465,-0.02926,0.96535,0.97074,0.01169
161,-0.01709,-0.01448,0.98291,0.98552,0.01133
162,-0.01364,-0.01148,0.98636,0.98852,0.0117
163,-0.02477,-0.02117,0.97523,0.97883,0.01129
164,-0.072,-0.05936,0.928,0.94064,0.01305
165,-0.00644,-0.00526,0.99356,0.99474,0.01184
166,0.02904,0.02837,0.97096,0.97163,0.03005
167,-0.00084,-0.00069,0.99916,0.99931,0.01084
168,0.02646,0.02466,0.97354,0.97534,0.05059
169,0.00626,0.00587,0.99374,0.99413,0.02174
170,0.01236,0.01015,0.98764,0.98985,0.01261
171,0.00653,0.00541,0.99347,0.99459,0.0113
172,-0.07316,-0.06028,0.92684,0.93972,0.01303
173,-0.00896,-0.00732,0.99104,0.99268,0.01191
174,0.02817,0.02753,0.97183,0.97247,0.03002
175,-0.00094,-0.00077,0.99906,0.99923,0.01085
176,0.02513,0.02339,0.97487,0.97661,0.05058
177,0.00454,0.00426,0.99546,0.99574,0.02181
178,0.01211,0.00994,0.98789,0.99006,0.01266
179,0.00611,0.00506,0.99389,0.99494,0.01134
180,-0.00082,-0.00078,0.99918,0.99922,0.02155
181,0.0456,0.04181,0.9544,0.95819,0.02068
182,-0.02659,-0.02244,0.97341,0.97756,0.01199
183,0.02935,0.02831,0.97065,0.97169,0.04873
184,0.00904,0.00762,0.99096,0.99238,0.0103
185,0.01491,0.01263,0.98509,0.98737,0.00928
186,0.01331,0.0114,0.98669,0.9886,0.01089
187,0.0109,0.00933,0.9891,0.99067,0.01113
188,-0.00354,-0.00338,0.99646,0.99662,0.02178
189,0.04833,0.04482,0.95167,0.95518,0.02051
190,-0.02837,-0.02384,0.97163,0.97616,0.01216
191,-0.02363,-0.02011,0.97637,0.97989,0.01217
192,0.02512,0.0241,0.97488,0.9759,0.04934
193,0.00995,0.00835,0.99005,0.99165,0.01025
194,0.01698,0.01433,0.98302,0.98567,0.00939
195,0.00821,0.00701,0.99179,0.99299,0.01089
196,0.00567,0.00484,0.99433,0.99516,0.01118
197,-0.00097,-0.00093,0.99903,0.99907,0.02177
198,0.04857,0.04508,0.95143,0.95492,0.02051
199,-0.02689,-0.02263,0.97311,0.97737,0.01216
200,0.00723,0.00607,0.99277,0.99393,0.01023
201,0.01722,0.01456,0.98278,0.98544,0.00941
202,0.00837,0.00716,0.99163,0.99284,0.01089
203,0.00631,0.00539,0.99369,0.99461,0.01116
204,-0.00365,-0.00349,0.99635,0.99651,0.02182
205,0.04827,0.04481,0.95173,0.95519,0.02054
206,-0.02797,-0.02353,0.97203,0.97647,0.01218
207,-0.02479,-0.02111,0.97521,0.97889,0.0122
208,0.00934,0.00784,0.99066,0.99216,0.01025
209,0.01642,0.01387,0.98358,0.98613,0.00942
210,0.00793,0.00678,0.99207,0.99322,0.01092
211,0.00608,0.0052,0.99392,0.9948,0.01118
212,-0.02159,-0.01954,0.97841,0.98046,0.0446
213,0.00256,0.00204,0.99744,0.99796,0.01196
214,0.00289,0.00236,0.99711,0.99764,0.01261
215,0.02276,0.01817,0.97724,0.98183,0.01225
216,-0.09157,-0.07521,0.90843,0.92479,0.01415
217,0.00165,0.00136,0.99835,0.99864,0.01265
218,0.01001,0.00797,0.98999,0.99203,0.01308
219,-0.02244,-0.01816,0.97756,0.98184,0.01385
220,-0.0133,-0.01074,0.9867,0.98926,0.01279
221,-0.01821,-0.0149,0.98179,0.9851,0.01025
222,-0.01735,-0.0142,0.98265,0.9858,0.01032
223,0.01332,0.01085,0.98668,0.98915,0.01202
224,-0.01304,-0.01229,0.98696,0.98771,0.03312
225,-0.01711,-0.01683,0.98289,0.98317,0.02307
226,-0.03464,-0.03426,0.96536,0.96574,0.02414
227,0.02307,0.01867,0.97693,0.98133,0.01158
228,-5e-05,-5e-05,0.99995,0.99995,0.02205
229,-0.01508,-0.0123,0.98492,0.9877,0.01205
230,-0.01755,-0.01668,0.98245,0.98332,0.04709
231,-0.02186,-0.01975,0.97814,0.98025,0.04468
232,0.00406,0.00323,0.99594,0.99677,0.01198
233,0.00474,0.00386,0.99526,0.99614,0.01264
234,0.02467,0.01965,0.97533,0.98035,0.01228
235,-0.09112,-0.07469,0.90888,0.92531,0.01418
236,0.00376,0.00309,0.99624,0.99691,0.01266
237,0.01187,0.00943,0.98813,0.99057,0.01311
238,-0.02103,-0.01699,0.97897,0.98301,0.01389
239,-0.01168,-0.00941,0.98832,0.99059,0.01283
240,-0.02005,-0.01637,0.97995,0.98363,0.01028
241,-0.01938,-0.01583,0.98062,0.98417,0.01035
242,0.01606,0.01306,0.98394,0.98694,0.01204
243,-0.01314,-0.01236,0.98686,0.98764,0.03322
244,-0.01689,-0.01658,0.98311,0.98342,0.02313
245,-0.03426,-0.03394,0.96574,0.96606,0.02419
246,0.02445,0.01975,0.97555,0.98025,0.01163
247,-0.00021,-0.0002,0.99979,0.9998,0.02212
248,-0.01374,-0.01118,0.98626,0.98882,0.0121
249,-0.01865,-0.01767,0.98135,0.98233,0.0472
250,-0.01398,-0.01145,0.98602,0.98855,0.01277
251,-0.00776,-0.00622,0.99224,0.99378,0.01221
252,-0.03464,-0.0283,0.96536,0.9717,0.0115
253,0.01381,0.01333,0.98619,0.98667,0.03207
254,-0.02621,-0.02382,0.97379,0.97618,0.04595
255,0.00803,0.00663,0.99197,0.99337,0.01251
256,0.00975,0.00779,0.99025,0.99221,0.01296
257,-0.01444,-0.01171,0.98556,0.98829,0.01331
258,-0.01354,-0.01097,0.98646,0.98903,0.01285
259,-0.02183,-0.01793,0.97817,0.98207,0.01036
260,-0.01512,-0.01241,0.98488,0.98759,0.01035
261,0.01421,0.0116,0.9857899999999999,0.9884,0.01186
262,-0.02363,-0.02192,0.97637,0.97808,0.03275
263,-0.01321,-0.01306,0.9867900000000001,0.98694,0.02277
264,-0.03199,-0.03116,0.96801,0.96884,0.02414
265,0.04483,0.03633,0.95517,0.96367,0.01104
266,0.0033,0.00323,0.9967,0.99677,0.02171
267,0.0193,0.01576,0.9807,0.98424,0.01024
268,-0.02979,-0.02827,0.97021,0.97173,0.04992
269,-0.01411,-0.01154,0.98589,0.98846,0.01284
270,-0.00732,-0.00586,0.99268,0.99414,0.01228
271,-0.03562,-0.02905,0.96438,0.97095,0.01158
272,0.01431,0.01381,0.98569,0.98619,0.03222
273,-0.02668,-0.02425,0.97332,0.97575,0.04617
274,0.00835,0.00689,0.99165,0.99311,0.01256
275,0.01049,0.00837,0.98951,0.99163,0.01302
276,-0.01378,-0.01116,0.98622,0.98884,0.01337
277,-0.01335,-0.0108,0.98665,0.9892,0.0129
278,-0.02224,-0.01825,0.97776,0.98175,0.0104
279,-0.01525,-0.01251,0.98475,0.98749,0.01038
280,0.01495,0.01218,0.98505,0.98782,0.01193
281,-0.02446,-0.02268,0.97554,0.97732,0.0329
282,-0.01262,-0.01249,0.98738,0.98751,0.02287
283,-0.03166,-0.0308,0.96834,0.9692,0.02424
284,0.04547,0.0368,0.95453,0.9632000000000001,0.01112
285,0.00334,0.00327,0.99666,0.99673,0.02188
286,0.01925,0.0157,0.98075,0.9843,0.01033
287,-0.0308,-0.02923,0.9692,0.97077,0.05018
288,-0.01733,-0.01425,0.98267,0.98575,0.01189
289,0.00969,0.00933,0.99031,0.99067,0.02922
290,-0.09198,-0.07958,0.90802,0.92042,0.02522
291,0.0236,0.02265,0.9764,0.97735,0.02013
292,-0.00426,-0.00349,0.99574,0.99651,0.01151
293,0.0134,0.01098,0.9866,0.98902,0.01046
294,-0.01524,-0.01247,0.98476,0.98753,0.01254
295,0.01546,0.01257,0.98454,0.98743,0.01101
296,-0.0798,-0.06546,0.9202,0.93454,0.0137
297,-0.04688,-0.0389,0.95312,0.9611,0.01281
298,-0.03096,-0.0253,0.96904,0.9747,0.01311
299,-0.00745,-0.00617,0.99255,0.99383,0.01238
300,-0.0185,-0.01522,0.9815,0.98478,0.01337
301,-0.02062,-0.01704,0.97938,0.9829600000000001,0.01272
302,0.02019,0.0197,0.97981,0.9803,0.03082
303,-0.01279,-0.0105,0.98721,0.9895,0.01225
304,-0.01518,-0.01238,0.98482,0.98762,0.01011
305,-0.01031,-0.00839,0.98969,0.99161,0.01211
306,0.00811,0.00768,0.99189,0.99232,0.03001
307,-0.06704,-0.05721,0.93296,0.94279,0.02542
308,0.0209,0.02061,0.9791,0.97939,0.02046
309,0.00482,0.0039,0.99518,0.9961,0.01162
310,0.00668,0.00541,0.99332,0.99459,0.01074
311,-0.01772,-0.01435,0.98228,0.98565,0.01319
312,0.00376,0.00362,0.99624,0.99638,0.03192
313,-0.05896,-0.0479,0.94104,0.9521,0.01422
314,-0.03729,-0.03062,0.96271,0.96938,0.01316
315,-0.02634,-0.02127,0.97366,0.97873,0.01348
316,-0.0134,-0.011,0.9866,0.989,0.0127
317,-0.00316,-0.00257,0.99684,0.99743,0.01316
318,-0.00782,-0.00639,0.99218,0.99361,0.01244
319,0.00834,0.00815,0.99166,0.99185,0.0327
320,-0.02494,-0.02031,0.97506,0.97969,0.01275
321,0.00112,0.0009,0.99888,0.9991,0.01049
322,-0.01746,-0.01431,0.98254,0.98569,0.01203
323,0.00657,0.00629,0.99343,0.99371,0.02988
324,-0.08607,-0.07411,0.91393,0.92589,0.02541
325,0.01798,0.01742,0.98202,0.98258,0.0205
326,-0.00458,-0.00374,0.99542,0.99626,0.0116
327,0.01077,0.00879,0.98923,0.99121,0.01064
328,-0.00997,-0.00812,0.99003,0.99188,0.01256
329,-0.00431,-0.00349,0.99569,0.99651,0.01203
330,-0.07762,-0.06358,0.92238,0.93642,0.01426
331,-0.03942,-0.03259,0.96058,0.96741,0.01294
332,-0.02893,-0.02358,0.97107,0.97642,0.0134
333,-0.02355,-0.01946,0.97645,0.98054,0.01285
334,-0.01718,-0.01409,0.98282,0.98591,0.01333
335,-0.01827,-0.01505,0.98173,0.98495,0.01301
336,0.00885,0.00871,0.99115,0.99129,0.03262
337,-0.02944,-0.02416,0.97056,0.97584,0.01299
338,-0.0027,-0.00219,0.9973,0.99781,0.01069
339,-0.00915,-0.0074,0.99085,0.9926,0.01228
340,0.00667,0.00628,0.99333,0.99372,0.03047
341,-0.07519,-0.06426,0.92481,0.93574,0.0257
342,0.02586,0.02543,0.97414,0.97457,0.02047
343,0.00457,0.00367,0.99543,0.99633,0.01178
344,0.00474,0.00381,0.99526,0.99619,0.01087
345,-0.00796,-0.00641,0.99204,0.99359,0.01296
346,-0.01842,-0.01498,0.98158,0.98502,0.01289
347,-0.00061,-0.00059,0.99939,0.99941,0.03272
348,-0.05567,-0.04491,0.94433,0.95509,0.01453
349,-0.03126,-0.02549,0.96874,0.97451,0.01302
350,-0.01796,-0.0144,0.98204,0.9856,0.01302
351,-0.01258,-0.01027,0.98742,0.98973,0.01259
352,0.00579,0.00469,0.99421,0.99531,0.01271
353,-0.01566,-0.01275,0.98434,0.98725,0.01304
354,0.00065,0.00061,0.99935,0.99939,0.03294
355,-0.00903,-0.00731,0.99097,0.99269,0.01238
356,0.01734,0.01395,0.98266,0.98605,0.01005
357,-0.00996,-0.00811,0.99004,0.99189,0.01214
358,0.00737,0.00698,0.99263,0.99302,0.03009
359,-0.06899,-0.059,0.93101,0.9410000000000001,0.02557
360,0.02004,0.01971,0.97996,0.98029,0.02051
361,0.00454,0.00367,0.99546,0.99633,0.01167
362,0.00643,0.00521,0.99357,0.99479,0.01075
363,-0.01783,-0.01445,0.98217,0.98555,0.01322
364,0.00299,0.00287,0.99701,0.99713,0.03195
365,-0.05751,-0.04674,0.94249,0.95326,0.01426
366,-0.0381,-0.03131,0.9619,0.96869,0.01322
367,-0.02684,-0.02169,0.97316,0.97831,0.01356
368,-0.01329,-0.01091,0.98671,0.98909,0.01274
369,-0.00513,-0.00418,0.99487,0.99582,0.01323
370,-0.00774,-0.00633,0.99226,0.99367,0.01248
371,0.00646,0.00633,0.99354,0.99367,0.03282
372,-0.02629,-0.02142,0.97371,0.97858,0.01279
373,-0.00106,-0.00086,0.99894,0.99914,0.01057
374,0.00196,0.00158,0.99804,0.99842,0.01261
375,-0.02046,-0.01668,0.97954,0.98332,0.0107
376,0.01345,0.01313,0.98655,0.98687,0.03262
377,0.00806,0.00735,0.99194,0.99265,0.03405
378,0.00293,0.00237,0.99707,0.99763,0.01073
379,0.00982,0.00942,0.99018,0.99058,0.03333
380,0.02077,0.01655,0.97923,0.98345,0.01246
381,0.005,0.00489,0.995,0.99511,0.02519
382,0.00132,0.00104,0.99868,0.99896,0.0127
383,-0.02709,-0.02656,0.97291,0.97344,0.02522
384,0.01089,0.00869,0.98911,0.99131,0.01361
385,0.02508,0.02025,0.97492,0.97975,0.01275
386,0.00676,0.00542,0.99324,0.99458,0.01228
387,0.00377,0.00337,0.99623,0.99663,0.0446
388,0.00062,0.00049,0.99938,0.99951,0.0123
389,0.01423,0.01156,0.98577,0.98844,0.01344
390,0.01131,0.01096,0.98869,0.98904,0.04654
391,0.01063,0.00855,0.98937,0.99145,0.01276
392,-0.00995,-0.00811,0.99005,0.99189,0.01261
393,-0.00017,-0.00014,0.99983,0.99986,0.01266
394,-0.01994,-0.01628,0.98006,0.98372,0.01064
395,0.00964,0.00939,0.99036,0.99061,0.03241
396,0.00748,0.00676,0.99252,0.99324,0.03387
397,-0.00101,-0.00082,0.99899,0.99918,0.01076
398,0.00542,0.00517,0.99458,0.99483,0.03336
399,0.02155,0.01721,0.97845,0.98279,0.01242
400,0.00292,0.00286,0.99708,0.99714,0.0251
401,0.00037,0.00034,0.99963,0.99966,0.03545
402,-0.02532,-0.02491,0.97468,0.97509,0.0256
403,0.00244,0.00195,0.99756,0.99805,0.01341
404,0.02897,0.02346,0.97103,0.97654,0.01275
405,-0.01533,-0.0123,0.98467,0.9877,0.01308
406,0.00195,0.00175,0.99805,0.99825,0.04329
407,0.01503,0.01195,0.98497,0.98805,0.01144
408,0.00567,0.00462,0.99433,0.99538,0.01324
409,0.00725,0.00708,0.99275,0.99292,0.04593
410,0.00513,0.00413,0.99487,0.99587,0.01281
411,0.01166,0.00949,0.98834,0.99051,0.01347
412,0.00158,0.00128,0.99842,0.99872,0.01267
413,-0.02077,-0.01697,0.97923,0.98303,0.01064
414,0.00735,0.00716,0.99265,0.99284,0.03244
415,0.00537,0.0049,0.99463,0.9951,0.03405
416,-0.00265,-0.00214,0.99735,0.99786,0.01076
417,0.00208,0.00199,0.99792,0.99801,0.03347
418,0.01843,0.01472,0.98157,0.98528,0.01257
419,0.00033,0.00032,0.99967,0.99968,0.02523
420,-0.00779,-0.00681,0.99221,0.99319,0.03433
421,-0.02874,-0.02808,0.97126,0.97192,0.02523
422,-0.00109,-0.00087,0.99891,0.99913,0.01371
423,0.02586,0.02093,0.97414,0.97907,0.01278
424,-0.01246,-0.00999,0.98754,0.99001,0.01245
425,-0.00399,-0.00356,0.99601,0.99644,0.04338
426,0.00347,0.00276,0.99653,0.99724,0.01177
427,0.03887,0.0316,0.96113,0.9684,0.01229
428,-0.01563,-0.01504,0.98437,0.98496,0.0483
429,0.00359,0.0029,0.99641,0.9971,0.01269
430,-0.00988,-0.00806,0.99012,0.99194,0.01371
431,-0.00572,-0.00464,0.99428,0.99536,0.01283
432,-0.0289,-0.02812,0.9711,0.97188,0.02366
433,-0.02385,-0.01914,0.97615,0.98086,0.01326
434,0.0055,0.00438,0.9945,0.99562,0.01152
435,-0.00921,-0.00755,0.99079,0.99245,0.01115
436,0.01452,0.01391,0.98548,0.98609,0.03239
437,0.01173,0.01067,0.98827,0.98933,0.03373
438,-0.00367,-0.00298,0.99633,0.99702,0.011
439,0.00639,0.0062,0.99361,0.9938,0.03383
440,0.02352,0.01885,0.97648,0.98115,0.01279
441,0.00314,0.00299,0.99686,0.99701,0.0257
442,0.03098,0.02518,0.96902,0.97482,0.01272
443,-0.01215,-0.00979,0.98785,0.99021,0.0131
444,0.00176,0.00159,0.99824,0.99841,0.04367
445,0.01836,0.01463,0.98164,0.98537,0.01146
446,0.00283,0.00231,0.99717,0.99769,0.01324
447,0.00817,0.00792,0.99183,0.99208,0.04559
448,0.00072,0.00058,0.99928,0.99942,0.0128
449,0.02566,0.02097,0.97434,0.97903,0.01342
450,-0.02817,-0.02571,0.97183,0.97429,0.00928
451,0.08095,0.07361,0.91905,0.92639,0.02251
452,-0.04628,-0.04196,0.95372,0.95804,0.01127
453,-0.00176,-0.00161,0.99824,0.99839,0.00883
454,-0.0333,-0.03003,0.9667,0.96997,0.00973
455,-0.02294,-0.02107,0.97706,0.97893,0.00929
456,-0.00554,-0.00503,0.99446,0.99497,0.00928
457,0.05008,0.0453,0.94992,0.9547,0.00742
458,-0.04105,-0.03733,0.95895,0.96267,0.01102
459,-0.00258,-0.00237,0.99742,0.99763,0.00844
460,-0.02695,-0.02441,0.97305,0.97559,0.00946
461,-0.02175,-0.02005,0.97825,0.97995,0.00926
462,0.01297,0.01185,0.98703,0.98815,0.00876
463,0.06811,0.06153,0.93189,0.93847,0.00726
464,-0.04342,-0.03948,0.95658,0.96052,0.01081
465,-0.01372,-0.01259,0.98628,0.98741,0.0093
466,-0.02629,-0.02382,0.97371,0.97618,0.00996
467,-0.01953,-0.01799,0.98047,0.98201,0.00922
468,0.00343,0.00313,0.99657,0.99687,0.00897
469,0.04012,0.03576,0.95988,0.96424,0.01659
470,0.05848,0.05177,0.94152,0.94823,0.00807
471,0.05588,0.05206,0.94412,0.94794,0.02327
472,-0.00245,-0.00219,0.99755,0.99781,0.01014
473,0.05163,0.04596,0.94837,0.95404,0.00869
474,-0.01064,-0.00956,0.98936,0.99044,0.00944
475,-0.05921,-0.05302,0.94079,0.94698,0.01089
476,0.03457,0.03171,0.96543,0.96829,0.02687
477,-0.05712,-0.05141,0.94288,0.94859,0.01156
478,0.04623,0.04116,0.95377,0.95884,0.01612
479,0.0613,0.05426,0.9387,0.94574,0.00803
480,0.06108,0.05708,0.93892,0.94292,0.02239
481,0.00406,0.00363,0.99594,0.99637,0.00941
482,0.05663,0.05503,0.94337,0.94497,0.02438
483,-0.0162,-0.01454,0.9838,0.98546,0.00995
484,-0.07168,-0.06434,0.92832,0.93566,0.01112
485,0.03333,0.0305,0.96667,0.9695,0.0265
486,-0.06284,-0.05666,0.93716,0.94334,0.01129
487,0.04798,0.0428,0.95202,0.9572,0.01612
488,0.06199,0.05496,0.93801,0.94504,0.008
489,0.06177,0.05776,0.93823,0.94224,0.02241
490,0.00579,0.00518,0.99421,0.99482,0.00941
491,0.05544,0.0538,0.94456,0.9462,0.02453
492,-0.01907,-0.01713,0.98093,0.98287,0.01003
493,-0.07013,-0.06303,0.92987,0.93697,0.01113
494,0.03436,0.03139,0.96564,0.96861,0.02647
495,-0.06154,-0.05554,0.93846,0.94446,0.01131
496,-0.0035,-0.00289,0.9965,0.99711,0.01083
497,0.03712,0.03504,0.96288,0.96496,0.04912
498,0.01243,0.01173,0.98757,0.98827,0.021
499,-0.00447,-0.00368,0.99553,0.99632,0.01265
500,0.00477,0.00392,0.99523,0.99608,0.01176
501,-0.01911,-0.01584,0.98089,0.98416,0.01332
502,-0.00068,-0.00056,0.99932,0.99944,0.01087
503,0.03536,0.03323,0.9646399999999999,0.96677,0.04963
504,0.01302,0.01228,0.98698,0.98772,0.02112
505,-0.00275,-0.00225,0.99725,0.99775,0.0126
506,0.02357,0.02316,0.97643,0.97684,0.04103
507,-0.01857,-0.01543,0.98143,0.98457,0.01167
508,0.01415,0.0138,0.98585,0.9862,0.03329
509,0.0165,0.01611,0.9835,0.98389,0.0316
510,-0.01687,-0.01394,0.98313,0.98606,0.01346
511,0.0057,0.00468,0.9943,0.99532,0.01089
512,0.03573,0.03341,0.96427,0.96659,0.04984
513,0.01526,0.01457,0.98474,0.98543,0.02121
514,-0.00094,-0.00077,0.99906,0.99923,0.01259
515,-0.01389,-0.0115,0.98611,0.9885,0.01172
516,0.00493,0.00483,0.99507,0.99517,0.03422
517,-0.02545,-0.02095,0.97455,0.97905,0.01346
518,0.00528,0.00434,0.99472,0.99566,0.01089
519,0.03579,0.03349,0.96421,0.96651,0.04983
520,0.01467,0.01398,0.98533,0.98602,0.02121
521,-0.00284,-0.00232,0.99716,0.99768,0.01261
522,-0.01492,-0.01238,0.98508,0.98762,0.01173
523,0.00448,0.00439,0.99552,0.99561,0.03445
524,-0.02531,-0.02088,0.9746900000000001,0.97912,0.01347
525,-0.00221,-0.00211,0.99779,0.99789,0.02031
526,0.00897,0.00739,0.99103,0.99261,0.01144
527,-0.03313,-0.02721,0.96687,0.97279,0.01366
528,0.00612,0.00505,0.99388,0.99495,0.01142
529,-0.02503,-0.02081,0.97497,0.97919,0.0114
530,-0.00378,-0.00358,0.99622,0.99642,0.03276
531,-0.03404,-0.03264,0.96596,0.96736,0.03467
532,-0.04694,-0.03869,0.95306,0.96131,0.0128
533,-0.04904,-0.04056,0.95096,0.95944,0.0125
534,-0.02868,-0.02355,0.97132,0.97645,0.0121
535,0.00109,0.00104,0.99891,0.99896,0.02028
536,0.00943,0.00776,0.99057,0.99224,0.01138
537,-0.02889,-0.02369,0.97111,0.97631,0.01357
538,0.00722,0.00594,0.99278,0.99406,0.01138
539,-0.02352,-0.01949,0.97648,0.98051,0.01137
540,-0.00263,-0.00247,0.99737,0.99753,0.03269
541,-0.02983,-0.02843,0.97017,0.97157,0.03464
542,-0.04476,-0.03674,0.95524,0.96326,0.01275
543,-0.04537,-0.03744,0.95463,0.96256,0.01241
544,-0.02347,-0.01923,0.97653,0.98077,0.01204
545,-0.00527,-0.00476,0.99473,0.99524,0.00933
546,0.00157,0.00138,0.99843,0.99862,0.00955
547,0.0485,0.0468,0.9515,0.9532,0.02379
548,0.01189,0.01059,0.98811,0.98941,0.0086
549,0.00074,0.00065,0.99926,0.99935,0.01837
550,-0.06243,-0.05527,0.93757,0.94473,0.01099
551,-0.03839,-0.03403,0.96161,0.96597,0.00955
552,-0.02737,-0.02432,0.97263,0.97568,0.01037
553,0.01205,0.01143,0.98795,0.98857,0.01779
554,0.03702,0.03664,0.96298,0.96336,0.02534
555,-0.00804,-0.00727,0.99196,0.99273,0.00968
556,-0.01589,-0.01406,0.98411,0.98594,0.00995
557,0.02511,0.02233,0.97489,0.97767,0.00862
558,-0.0033,-0.00295,0.9967,0.99705,0.00914
559,0.00372,0.00324,0.99628,0.99676,0.01839
560,-0.0551,-0.04889,0.9449,0.95111,0.0112
561,-0.05462,-0.04853,0.94538,0.95147,0.00994
562,-0.03571,-0.03175,0.96429,0.96825,0.01051
563,0.01165,0.01084,0.98835,0.98916,0.0178
564,0.03468,0.03384,0.96532,0.96616,0.0257
565,0.00015,0.00014,0.99985,0.99986,0.00926
566,-0.0072,-0.00637,0.9928,0.99363,0.0098
567,0.05337,0.05165,0.94663,0.94835,0.02407
568,0.02238,0.01992,0.97762,0.98008,0.00899
569,0.00077,0.00069,0.99923,0.99931,0.01877
570,-0.05256,-0.04652,0.94744,0.95348,0.01123
571,-0.04281,-0.03799,0.95719,0.96201,0.01007
572,-0.02999,-0.02669,0.97001,0.97331,0.01061
573,0.01292,0.01225,0.98708,0.98775,0.01794
574,0.03917,0.03906,0.96083,0.96094,0.02542
575,-0.02879,-0.02653,0.97121,0.97347,0.03606
576,-0.00832,-0.0065,0.99168,0.9935,0.01241
577,-0.05811,-0.05508,0.94189,0.94492,0.02605
578,-0.01501,-0.01181,0.98499,0.98819,0.01244
579,-0.02617,-0.02334,0.97383,0.97666,0.06057
580,-0.04669,-0.03688,0.95331,0.96312,0.01394
581,-0.06308,-0.05078,0.93692,0.94922,0.01379
582,-0.04734,-0.04136,0.95266,0.95864,0.0384
583,-0.03274,-0.0269,0.96726,0.9731,0.01282
584,-0.00402,-0.00318,0.99598,0.99682,0.01238
585,-0.00823,-0.00814,0.99177,0.99186,0.02434
586,-0.04554,-0.03782,0.95446,0.96218,0.02561
587,-0.0085,-0.00771,0.9915,0.99229,0.02384
588,-0.02691,-0.02554,0.97309,0.97446,0.03518
589,-0.01297,-0.01026,0.98703,0.98974,0.01289
590,-0.03179,-0.02563,0.96821,0.97437,0.01252
591,-0.00464,-0.00398,0.99536,0.99602,0.02251
592,-0.00957,-0.00765,0.99043,0.99235,0.0128
593,-0.0136,-0.01067,0.9864,0.98933,0.01282
594,-0.01872,-0.01465,0.98128,0.98535,0.01211
595,-0.02575,-0.02357,0.97425,0.97643,0.04852
596,-0.02218,-0.01741,0.97782,0.98259,0.0142
597,-0.02997,-0.02751,0.97003,0.97249,0.03615
598,-0.008,-0.00624,0.992,0.99376,0.01249
599,-0.05868,-0.05547,0.94132,0.94453,0.02615
600,-0.01531,-0.01201,0.98469,0.98799,0.01252
601,-0.02668,-0.02372,0.97332,0.97628,0.06078
602,-0.04538,-0.03575,0.95462,0.96425,0.01398
603,-0.06029,-0.04841,0.93971,0.95159,0.01383
604,-0.04725,-0.04116,0.95275,0.95884,0.03855
605,-0.02961,-0.02427,0.97039,0.97573,0.01286
606,-0.00496,-0.00391,0.99504,0.99609,0.01243
607,-0.00726,-0.00717,0.99274,0.99283,0.02443
608,-0.04311,-0.03571,0.95689,0.96429,0.0257
609,-0.00783,-0.00708,0.99217,0.99292,0.02393
610,-0.02721,-0.02572,0.97279,0.97428,0.03533
611,-0.01064,-0.0084,0.98936,0.9916,0.01293
612,-0.02884,-0.02321,0.97116,0.97679,0.01257
613,-0.00483,-0.00413,0.99517,0.99587,0.02263
614,-0.00728,-0.00581,0.99272,0.99419,0.01284
615,-0.01326,-0.01038,0.98674,0.9896199999999999,0.01285
616,-0.02,-0.01561,0.98,0.98439,0.01216
617,-0.02647,-0.02416,0.97353,0.97584,0.04875
618,-0.02018,-0.01581,0.97982,0.98419,0.01425
619,-0.00345,-0.00326,0.99655,0.99674,0.02699
620,-0.01225,-0.01063,0.98775,0.98937,0.00999
621,-0.01964,-0.01717,0.98036,0.98283,0.01019
622,-0.07754,-0.06858,0.9224600000000001,0.93142,0.01108
623,0.02506,0.02488,0.97494,0.97512,0.03546
624,-0.01412,-0.01212,0.98588,0.98788,0.02042
625,-0.07246,-0.06379,0.92754,0.93621,0.01178
626,-0.0049,-0.00465,0.9951,0.99535,0.02725
627,-0.01659,-0.01436,0.98341,0.98564,0.01007
628,-0.02176,-0.01897,0.97824,0.98103,0.01031
629,-0.07845,-0.06925,0.92155,0.93075,0.01113
630,0.02185,0.02161,0.97815,0.97839,0.03599
631,-0.01595,-0.01373,0.98405,0.98627,0.02059
632,-0.07449,-0.06538,0.92551,0.93462,0.01181
633,-0.0374,-0.03002,0.9626,0.96998,0.01334
634,-0.02177,-0.01737,0.97823,0.98263,0.01332
635,-0.01476,-0.01199,0.98524,0.98801,0.01174
636,-0.01187,-0.0094,0.98813,0.9906,0.01216
637,-0.00953,-0.00764,0.99047,0.99236,0.01223
638,0.02786,0.02217,0.97214,0.97783,0.01086
639,0.02093,0.01679,0.97907,0.98321,0.01221
640,0.01469,0.01172,0.98531,0.98828,0.01105
641,0.04931,0.03966,0.95069,0.96034,0.0093
642,0.08733,0.07057,0.91267,0.92943,0.00961
643,0.05786,0.04633,0.94214,0.95367,0.01003
644,-0.03282,-0.02625,0.96718,0.97375,0.0131
645,-0.01926,-0.01533,0.98074,0.98467,0.01336
646,-0.01734,-0.01403,0.98266,0.98597,0.01201
647,-0.01056,-0.00832,0.98944,0.99168,0.01191
648,-0.01217,-0.00975,0.98783,0.99025,0.01262
649,0.03615,0.02868,0.96385,0.97132,0.01118
650,0.01421,0.01136,0.9857899999999999,0.98864,0.01263
651,0.01845,0.0147,0.98155,0.9853,0.01146
652,0.05081,0.04066,0.94919,0.95934,0.00973
653,0.06943,0.05563,0.93057,0.94437,0.01097
654,0.03984,0.03176,0.96016,0.96824,0.01077
655,-0.02701,-0.02431,0.97299,0.97569,0.00859
656,0.01623,0.0145,0.98377,0.9855,0.00965
657,-0.02945,-0.02656,0.97055,0.97344,0.00986
658,-0.05967,-0.05339,0.94033,0.94661,0.01096
659,0.02359,0.02123,0.97641,0.97877,0.01764
660,-0.0314,-0.02823,0.9686,0.97177,0.00902
661,0.0359,0.03317,0.9641,0.96683,0.02454
662,-0.02674,-0.02415,0.97326,0.97585,0.00987
663,-0.04248,-0.03799,0.95752,0.96201,0.01087
664,0.03768,0.03476,0.96232,0.96524,0.017
665,-0.02524,-0.02271,0.97476,0.97729,0.00877
666,0.05521,0.05225,0.94479,0.94775,0.02212
667,-0.02314,-0.02092,0.97686,0.97908,0.01021
668,-0.01925,-0.01719,0.98075,0.98281,0.00982
669,0.03645,0.03432,0.96355,0.96568,0.017
670,-0.02148,-0.01936,0.9785200000000001,0.98064,0.00869
671,0.05089,0.04762,0.94911,0.95238,0.02239
672,-0.02494,-0.02258,0.97506,0.97742,0.01038
673,-0.02599,-0.02325,0.97401,0.97675,0.01023
674,0.03231,0.0302,0.96769,0.9698,0.01726
675,-0.01019,-0.00862,0.98981,0.99138,0.01148
676,-0.01719,-0.01438,0.98281,0.98562,0.01157
677,0.01446,0.01239,0.98554,0.98761,0.00819
678,0.00046,0.00039,0.99954,0.99961,0.00989
679,-0.02826,-0.02416,0.97174,0.97584,0.01158
680,-0.01376,-0.01361,0.98624,0.98639,0.0299
681,-0.02791,-0.02393,0.97209,0.97607,0.0107
682,-0.03109,-0.02656,0.96891,0.97344,0.01235
683,-0.0228,-0.01949,0.9772,0.98051,0.01173
684,-0.03022,-0.0258,0.96978,0.9742,0.01151
685,0.00193,0.00165,0.99807,0.99835,0.00953
686,-0.03485,-0.03321,0.96515,0.96679,0.03444
687,-0.02587,-0.02581,0.97413,0.97419,0.03254
688,-0.03347,-0.02838,0.96653,0.97162,0.01188
689,-0.0066,-0.00557,0.9934,0.99443,0.01108
690,-0.00658,-0.00601,0.99342,0.99399,0.04097
691,-0.0415,-0.03746,0.9585,0.96254,0.01093
692,0.0031,0.00278,0.9969,0.99722,0.00917
693,-0.00242,-0.00219,0.99758,0.99781,0.00849
694,-0.05024,-0.04513,0.94976,0.95487,0.01149
695,0.03864,0.03509,0.96136,0.96491,0.01736
696,-0.0411,-0.03702,0.9589,0.96298,0.01108
697,-0.00942,-0.00842,0.99058,0.99158,0.00937
698,-0.00265,-0.0024,0.99735,0.9976,0.00865
699,-0.04867,-0.04365,0.95133,0.95635,0.01161
700,0.04033,0.03677,0.95967,0.96323,0.0176
701,-0.0362,-0.0302,0.9638,0.9698,0.01118
702,-0.02035,-0.01673,0.97965,0.98327,0.01147
703,0.01549,0.01272,0.98451,0.98728,0.01003
704,0.00534,0.00514,0.99466,0.99486,0.02032
705,0.00308,0.00254,0.99692,0.99746,0.01191
706,-0.0246,-0.02028,0.9754,0.97972,0.01359
707,0.01197,0.00987,0.98803,0.99013,0.01164
708,0.00224,0.00224,0.99776,0.99776,0.02135
709,-0.04115,-0.03401,0.95885,0.96599,0.01276
710,-0.03919,-0.0325,0.9608099999999999,0.9675,0.01213
711,-0.02621,-0.02158,0.97379,0.97842,0.01214
712,-0.01063,-0.00935,0.98937,0.99065,0.00953
713,-0.01618,-0.01418,0.98382,0.98582,0.00971
714,-0.03021,-0.02657,0.96979,0.97343,0.01192
715,-0.02556,-0.02242,0.97444,0.97758,0.01133
716,-0.03724,-0.03265,0.96276,0.96735,0.00992
717,-0.01579,-0.01372,0.98421,0.98628,0.00966
718,-0.00843,-0.0074,0.99157,0.9926,0.00955
719,-0.01669,-0.0146,0.98331,0.9854,0.00986
720,-0.03207,-0.02814,0.96793,0.97186,0.01217
721,-0.02477,-0.02167,0.97523,0.97833,0.01156
722,-0.03623,-0.03171,0.96377,0.96829,0.01003
723,-0.01807,-0.01567,0.98193,0.98433,0.00994
724,-0.01125,-0.00981,0.98875,0.99019,0.0098
725,-0.01564,-0.01358,0.98436,0.98642,0.01007
726,-0.03664,-0.03193,0.96336,0.96807,0.01239
727,-0.02592,-0.02253,0.9740800000000001,0.97747,0.01166
728,-0.03419,-0.02974,0.9658100000000001,0.97026,0.01019
729,-0.01763,-0.01518,0.98237,0.98482,0.01008
730,-0.01053,-0.00906,0.98947,0.99094,0.01056
731,-0.01211,-0.01045,0.98789,0.98955,0.01025
732,-0.03679,-0.03191,0.96321,0.96809,0.01256
733,-0.0291,-0.02515,0.9709,0.97485,0.01205
734,-0.03808,-0.03298,0.96192,0.96702,0.01055
735,-0.0129,-0.01104,0.9871,0.98896,0.01033
736,-0.00947,-0.00817,0.99053,0.99183,0.01046
737,-0.0114,-0.00988,0.9886,0.99012,0.01008
738,-0.03571,-0.03108,0.96429,0.96892,0.01234
739,-0.0267,-0.02317,0.9733,0.97683,0.01182
740,-0.03258,-0.0283,0.96742,0.9717,0.01026
741,-0.01608,-0.01382,0.98392,0.98618,0.01021
742,-0.0342,-0.02845,0.9658,0.97155,0.01121
743,-0.0192,-0.01574,0.9808,0.98426,0.01153
744,0.014,0.01147,0.986,0.98853,0.01008
745,0.00489,0.00472,0.99511,0.99528,0.0204
746,0.00392,0.00323,0.99608,0.99677,0.01191
747,-0.02306,-0.01896,0.97694,0.98104,0.01366
748,0.01283,0.01055,0.98717,0.98945,0.01168
749,0.00163,0.00163,0.99837,0.99837,0.02147
750,-0.03999,-0.03297,0.96001,0.9670300000000001,0.01284
751,-0.03721,-0.03078,0.96279,0.96922,0.01219
752,-0.02445,-0.02008,0.97555,0.97992,0.01219
753,0.06497,0.05944,0.93503,0.94056,0.02076
754,0.07024,0.06801,0.92976,0.93199,0.02065
755,0.01817,0.01648,0.98183,0.98352,0.00737
756,-0.03523,-0.03196,0.96477,0.96804,0.01035
757,-0.0139,-0.01251,0.9861,0.98749,0.00865
758,0.04904,0.0447,0.95096,0.9553,0.00749
759,-0.03479,-0.03136,0.96521,0.96864,0.00957
760,-0.03167,-0.02866,0.96833,0.97134,0.0098
761,0.0127,0.01147,0.9873,0.98853,0.00779
762,-0.02886,-0.02607,0.97114,0.97393,0.00837
763,0.04919,0.04508,0.95081,0.95492,0.00715
764,-0.051,-0.04622,0.949,0.95378,0.00934
765,0.06183,0.05838,0.93817,0.94162,0.02071
766,0.06239,0.057,0.93761,0.943,0.02111
767,0.0636,0.05742,0.9364,0.94258,0.00714
768,0.01535,0.01392,0.98465,0.98608,0.00741
769,-0.0327,-0.02964,0.9673,0.97036,0.01031
770,-0.00335,-0.00301,0.99665,0.99699,0.00837
771,0.04792,0.0437,0.95208,0.9563,0.00744
772,-0.03753,-0.03378,0.96247,0.96622,0.00908
773,-0.03237,-0.02923,0.96763,0.97077,0.00998
774,0.00319,0.00288,0.99681,0.99712,0.0079
775,-0.02979,-0.02685,0.97021,0.97315,0.00871
776,0.04745,0.04339,0.95255,0.95661,0.00729
777,-0.05504,-0.04974,0.94496,0.95026,0.00971
778,0.06009,0.05695,0.93991,0.9430499999999999,0.02118
779,0.0712,0.06557,0.9288,0.93443,0.02063
780,0.07316,0.06833,0.92684,0.93167,0.02115
781,0.01549,0.01405,0.98451,0.98595,0.00799
782,-0.04125,-0.03749,0.95875,0.96251,0.01037
783,-0.0217,-0.01952,0.9783,0.98048,0.00928
784,0.05473,0.04996,0.94527,0.95004,0.00753
785,-0.04722,-0.04267,0.95278,0.95733,0.00984
786,-0.02878,-0.02604,0.97122,0.97396,0.00989
787,0.04096,0.037,0.95904,0.963,0.00747
788,-0.00614,-0.00554,0.99386,0.99446,0.00862
789,0.05332,0.04889,0.94668,0.95111,0.00707
790,-0.03027,-0.02751,0.96973,0.97249,0.00885
791,0.06797,0.06472,0.93203,0.93528,0.0207
792,0.06719,0.06194,0.93281,0.93806,0.02079
793,0.06445,0.05988,0.93555,0.94012,0.02115
794,-0.0013,-0.00118,0.9987,0.99882,0.00835
795,-0.04073,-0.03698,0.95927,0.96302,0.01032
796,-0.02295,-0.02062,0.97705,0.97938,0.00887
797,0.05242,0.04779,0.94758,0.95221,0.00755
798,-0.04688,-0.04226,0.95312,0.95774,0.00968
799,-0.0303,-0.02743,0.9697,0.97257,0.00978
800,0.02497,0.02255,0.97503,0.97745,0.00763
801,-0.01196,-0.01079,0.98804,0.98921,0.0084
802,0.05309,0.04867,0.94691,0.95133,0.00707
803,-0.03709,-0.03373,0.96291,0.96627,0.00848
804,0.06541,0.06212,0.93459,0.93788,0.02052
805,0.06426,0.05922,0.93574,0.94078,0.02103
806,0.00292,0.00263,0.99708,0.99737,0.00791
807,0.01503,0.01362,0.98497,0.98638,0.00784
808,-0.03483,-0.03159,0.96517,0.96841,0.01024
809,-0.01929,-0.01736,0.98071,0.98264,0.00892
810,0.04821,0.04392,0.95179,0.95608,0.00754
811,-0.03955,-0.03558,0.96045,0.96442,0.00962
812,-0.03088,-0.02793,0.96912,0.97207,0.00984
813,0.03165,0.02857,0.96835,0.97143,0.00753
814,-0.00837,-0.00755,0.99163,0.99245,0.00849
815,0.05228,0.0479,0.94772,0.9521,0.00707
816,-0.02967,-0.02694,0.97033,0.97306,0.00868
817,0.06618,0.06302,0.93382,0.93698,0.0207
818,0.07398,0.06834,0.92602,0.93166,0.02009
819,-0.02257,-0.0208,0.97743,0.9792,0.00811
820,0.07109,0.06616,0.92891,0.93384,0.02097
821,0.01784,0.01618,0.98216,0.98382,0.00731
822,-0.04034,-0.03661,0.95966,0.96339,0.0102
823,-0.01933,-0.01737,0.98067,0.98263,0.00906
824,0.05552,0.05074,0.94448,0.94926,0.00746
825,-0.05267,-0.04763,0.94733,0.95237,0.00992
826,-0.04073,-0.03684,0.95927,0.96316,0.00989
827,-0.04696,-0.04315,0.95304,0.95685,0.00858
828,0.02421,0.02189,0.97579,0.97811,0.00757
829,-0.04815,-0.04358,0.95185,0.95642,0.00833
830,0.05113,0.04696,0.94887,0.95304,0.00723
831,-0.04395,-0.03995,0.95605,0.96005,0.00862
832,0.06877,0.06439,0.93123,0.93561,0.02108
833,0.05348,0.04718,0.94652,0.95282,0.00844
834,0.05001,0.04399,0.94999,0.95601,0.00856
835,0.02984,0.02819,0.97016,0.97181,0.01723
836,-0.04791,-0.04201,0.95209,0.95799,0.01079
837,-0.03398,-0.02996,0.96602,0.97004,0.00993
838,-0.02454,-0.02151,0.97546,0.97849,0.01088
839,-0.00889,-0.00774,0.99111,0.99226,0.01037
840,0.00176,0.00154,0.99824,0.99846,0.0093
841,0.05118,0.04505,0.94882,0.95495,0.00849
842,0.04771,0.04188,0.95229,0.95812,0.00862
843,0.02984,0.02826,0.97016,0.97174,0.01745
844,-0.04571,-0.03999,0.95429,0.96001,0.01087
845,-0.03232,-0.02841,0.96768,0.97159,0.01004
846,-0.02393,-0.02092,0.97607,0.97908,0.01105
847,-0.01701,-0.01478,0.98299,0.98522,0.01051
848,0.00235,0.00205,0.99765,0.99795,0.00939
849,0.05198,0.04574,0.94802,0.95426,0.00856
850,0.05517,0.04851,0.9448300000000001,0.95149,0.00861
851,0.02701,0.02597,0.97299,0.97403,0.01724
852,-0.04647,-0.04067,0.95353,0.95933,0.0106
853,-0.03675,-0.03234,0.96325,0.96766,0.01
854,-0.02213,-0.01928,0.97787,0.98072,0.00979
855,0.05024,0.04995,0.94976,0.95005,0.02497
856,-0.04702,-0.04116,0.95298,0.95884,0.01121
857,0.05115,0.04515,0.94885,0.95485,0.00847
858,0.05022,0.04423,0.94978,0.95577,0.0086
859,0.0262,0.02505,0.9738,0.97495,0.01731
860,-0.04321,-0.03796,0.95679,0.96204,0.01061
861,-0.03456,-0.03051,0.96544,0.96949,0.00992
862,-0.02096,-0.01833,0.97904,0.98167,0.00981
863,-0.00671,-0.00587,0.99329,0.99413,0.01038
864,-0.04909,-0.04311,0.95091,0.95689,0.01121
865,0.0569,0.05026,0.9431,0.94974,0.00858
866,0.06106,0.0539,0.93894,0.9460999999999999,0.00858
867,0.03183,0.03044,0.96817,0.96956,0.0171
868,-0.04776,-0.042,0.95224,0.958,0.01051
869,-0.03749,-0.03317,0.96251,0.96683,0.00989
870,-0.03018,-0.02641,0.96982,0.97359,0.00976
871,0.05181,0.0511,0.94819,0.9489,0.02442
872,-0.04165,-0.03665,0.95835,0.96335,0.01088
873,-0.08144,-0.0701,0.91856,0.9299,0.01216
874,-0.02658,-0.02292,0.97342,0.97708,0.01077
875,-0.03328,-0.02868,0.96672,0.97132,0.01117
876,-0.01659,-0.01656,0.98341,0.98344,0.02859
877,0.02236,0.01934,0.97764,0.98066,0.00846
878,0.00581,0.00491,0.99419,0.99509,0.00964
879,-0.00379,-0.00326,0.99621,0.99674,0.01098
880,0.01244,0.01071,0.98756,0.98929,0.00919
881,-0.01135,-0.01083,0.98865,0.98917,0.03121
882,-0.0177,-0.01716,0.9823,0.98284,0.03092
883,-0.03056,-0.02611,0.96944,0.97389,0.01117
884,0.01098,0.00935,0.98902,0.99065,0.01037
885,0.00668,0.00635,0.99332,0.99365,0.03878
886,-0.01622,-0.01405,0.98378,0.98595,0.01035
887,-0.00301,-0.00298,0.99699,0.99702,0.03716
888,-0.07461,-0.06463,0.92539,0.93537,0.0124
889,-0.0331,-0.02876,0.9669,0.97124,0.01143
890,-0.04683,-0.04051,0.95317,0.95949,0.01233
891,0.00695,0.00686,0.99305,0.99314,0.04666
892,-0.01794,-0.01552,0.98206,0.98448,0.01087
893,-0.00999,-0.00988,0.99001,0.99012,0.03843
894,-0.06191,-0.05346,0.93809,0.94654,0.01265
895,-0.04143,-0.03589,0.95857,0.96411,0.01142
896,-0.03442,-0.02966,0.96558,0.97034,0.01202
897,0.00455,0.0045,0.99545,0.9955,0.04699
898,-0.00595,-0.00517,0.99405,0.99483,0.01021
899,-0.00676,-0.00587,0.99324,0.99413,0.00997
900,-0.01335,-0.01323,0.98665,0.98677,0.03809
901,-0.05394,-0.04671,0.94606,0.95329,0.01243
902,-0.03497,-0.03036,0.96503,0.96964,0.01091
903,-0.03258,-0.02813,0.96742,0.97187,0.01187
904,0.00152,0.00151,0.99848,0.99849,0.0464
905,-0.00483,-0.00419,0.99517,0.99581,0.01018
906,0.00408,0.00401,0.99592,0.99599,0.02661
907,-0.01199,-0.01165,0.98801,0.98835,0.03772
908,-0.07058,-0.06107,0.92942,0.93893,0.0125
909,-0.01658,-0.01439,0.98342,0.98561,0.01132
910,-0.04325,-0.03735,0.95675,0.96265,0.01253
911,0.00234,0.00231,0.99766,0.99769,0.04674
912,-0.00121,-0.00104,0.99879,0.99896,0.01044
913,0.00655,0.00639,0.9934499999999999,0.99361,0.02777
914,-0.00677,-0.00656,0.99323,0.99344,0.0386
915,-0.0704,-0.06058,0.9296,0.93942,0.01272
916,-0.0249,-0.02152,0.9751,0.97848,0.01155
917,-0.04231,-0.03639,0.95769,0.96361,0.01245
918,0.0068,0.00668,0.9932,0.99332,0.04774
919,0.0279,0.02722,0.9721,0.97278,0.02314
920,-0.01152,-0.00997,0.98848,0.99003,0.01014
921,0.02971,0.02905,0.97029,0.97095,0.0368
922,0.03659,0.03627,0.96341,0.96373,0.0255
923,-0.0074,-0.00643,0.9926,0.99357,0.00977
924,-0.02318,-0.02008,0.97682,0.97992,0.01098
925,0.0295,0.0284,0.9705,0.9716,0.02273
926,-0.01439,-0.01253,0.98561,0.98747,0.00995
927,0.03,0.0294,0.97,0.9706,0.03611
928,0.00818,0.00711,0.99182,0.99289,0.00935
929,-0.02007,-0.01756,0.97993,0.98244,0.00977
930,-0.01985,-0.01733,0.98015,0.98267,0.01052
931,-0.02615,-0.02335,0.97385,0.97665,0.00915
932,-0.00373,-0.0033,0.99627,0.9967,0.01831
933,-0.05699,-0.05071,0.94301,0.94929,0.0111
934,-0.04308,-0.03835,0.95692,0.96165,0.00927
935,-0.02534,-0.0226,0.97466,0.9774,0.01029
936,0.02828,0.0255,0.97172,0.9745,0.01711
937,0.04343,0.04308,0.95657,0.95692,0.02496
938,0.01643,0.0146,0.98357,0.9854,0.00861
939,-0.01605,-0.01423,0.98395,0.98577,0.00837
940,-0.0216,-0.01961,0.9784,0.98039,0.00952
941,-0.01786,-0.01592,0.98214,0.98408,0.0091
942,-0.00276,-0.00245,0.99724,0.99755,0.01828
943,-0.05463,-0.04854,0.94537,0.95146,0.01113
944,-0.04294,-0.03817,0.95706,0.96183,0.00938
945,-0.02379,-0.02121,0.97621,0.97879,0.01023
946,0.02966,0.02668,0.97034,0.97332,0.017
947,0.04304,0.04254,0.95696,0.95746,0.02492
948,0.01806,0.01602,0.98194,0.98398,0.00895
949,-0.01288,-0.0114,0.98712,0.9886,0.00833
950,-0.02372,-0.02153,0.97628,0.97847,0.00987
951,-0.02738,-0.02374,0.97262,0.97626,0.01073
952,-0.03886,-0.03361,0.96114,0.96639,0.01158
953,-0.01102,-0.00951,0.98898,0.99049,0.0101
954,0.0355,0.03485,0.9645,0.96515,0.02406
955,-0.00494,-0.00429,0.9950600000000001,0.99571,0.01027
956,0.03237,0.03193,0.96763,0.96807,0.03699
957,-0.02244,-0.01951,0.97756,0.98049,0.0102
958,-0.03987,-0.03457,0.96013,0.96543,0.01132
959,-0.00232,-0.00201,0.99768,0.99799,0.00897
960,0.03884,0.03749,0.96116,0.96251,0.02388
961,-0.01601,-0.01394,0.98399,0.98606,0.01036
962,0.03424,0.03403,0.96576,0.96597,0.03598
963,-0.02697,-0.02341,0.97303,0.97659,0.01069
964,-0.04066,-0.0352,0.95934,0.9648,0.01158
965,-0.00846,-0.00731,0.99154,0.99269,0.00997
966,0.03531,0.03459,0.96469,0.96541,0.024
967,-0.00514,-0.00447,0.99486,0.99553,0.01025
968,0.03024,0.02983,0.96976,0.97017,0.037
969,-0.04788,-0.04689,0.95212,0.95311,0.02344
970,-0.04079,-0.03375,0.95921,0.96625,0.01028
971,0.00813,0.00672,0.99187,0.99328,0.01106
972,-0.01674,-0.01396,0.98326,0.98604,0.01161
973,-0.00669,-0.00647,0.99331,0.99353,0.03131
974,0.00046,0.00045,0.99954,0.99955,0.02257
975,-0.05637,-0.04944,0.94363,0.95056,0.0239
976,-0.00971,-0.00941,0.99029,0.99059,0.02284
977,-0.01516,-0.01486,0.98484,0.98514,0.03196
978,-0.03322,-0.02787,0.96678,0.97213,0.01173
979,-0.04864,-0.0412,0.95136,0.9588,0.01271
980,-0.00358,-0.00328,0.99642,0.99672,0.02252
981,0.00252,0.00212,0.99748,0.99788,0.01096
982,0.00111,0.00092,0.99889,0.99908,0.01148
983,-0.00632,-0.00523,0.99368,0.99477,0.01184
984,-0.00335,-0.00324,0.99665,0.99676,0.04209
985,-0.03954,-0.03291,0.96046,0.96709,0.01273
986,-0.06434,-0.06304,0.93566,0.93696,0.02437
987,-0.04267,-0.03504,0.95733,0.96496,0.01077
988,0.01473,0.01364,0.98527,0.98636,0.03014
989,-0.01611,-0.01333,0.98389,0.98667,0.01175
990,-0.01077,-0.01038,0.98923,0.9896199999999999,0.03216
991,-0.00297,-0.00294,0.99703,0.99706,0.02314
992,-0.0394,-0.03412,0.9606,0.96588,0.02425
993,-0.00941,-0.00899,0.99059,0.99101,0.02316
994,-0.01031,-0.00994,0.98969,0.99006,0.03243
995,-0.01967,-0.01637,0.98033,0.98363,0.01212
996,-0.04763,-0.04003,0.95237,0.95997,0.01278
997,-0.01502,-0.01418,0.98498,0.98582,0.02309
998,0.00234,0.00195,0.99766,0.99805,0.01064
999,0.00266,0.00219,0.99734,0.99781,0.01102
1000,0.00158,0.0013,0.99842,0.9987,0.01124
1001,-0.00533,-0.0051,0.99467,0.9949,0.04284
1002,-0.01954,-0.01609,0.98046,0.98391,0.01189
1003,-0.06881,-0.06668,0.93119,0.93332,0.02622
1004,-0.03692,-0.02898,0.96308,0.97102,0.01164
1005,-0.02178,-0.01938,0.97822,0.98062,0.06025
1006,-0.05176,-0.04076,0.94824,0.95924,0.01357
1007,-0.05038,-0.04041,0.94962,0.9595899999999999,0.01324
1008,-0.03654,-0.03171,0.96346,0.96829,0.03747
1009,-0.03459,-0.0283,0.96541,0.9717,0.01301
1010,-0.00836,-0.0066,0.99164,0.9934,0.01316
1011,-0.02038,-0.01595,0.97962,0.98405,0.01275
1012,-0.03069,-0.02439,0.96931,0.97561,0.01362
1013,-0.01528,-0.01407,0.98472,0.98593,0.03486
1014,-0.00706,-0.00705,0.99294,0.99295,0.02494
1015,-0.04638,-0.03849,0.95362,0.96151,0.02656
1016,0.00086,0.00082,0.99914,0.99918,0.02394
1017,-0.02323,-0.02247,0.97677,0.97753,0.03554
1018,-0.0155,-0.01226,0.9845,0.98774,0.0134
1019,-0.03843,-0.03093,0.96157,0.96907,0.01286
1020,0.00758,0.00652,0.99242,0.99348,0.02233
1021,0.00067,0.00053,0.99933,0.99947,0.01183
1022,-0.02141,-0.01678,0.97859,0.98322,0.01379
1023,-0.01751,-0.01368,0.98249,0.98632,0.01273
